,country_name,impact_score
0,Italie,1696.7000000000025
1,France,1472.000000000001
2,Espagne,417.6999999999998
3,États-Unis,332.3
0,others,613.6
